{
	"partitions" : [
		{
			"name" : "Top",
			"pins" : [
				{
					"name" : "o_adc1_encA",
					"strict" : false
				},
				{
					"name" : "o_adc1_encB",
					"strict" : false
				},
				{
					"name" : "o_adc2_encA",
					"strict" : false
				},
				{
					"name" : "o_adc2_encB",
					"strict" : false
				},
				{
					"name" : "o_offset_1",
					"strict" : false
				},
				{
					"name" : "o_relay1_1",
					"strict" : false
				},
				{
					"name" : "o_relay1_2",
					"strict" : false
				},
				{
					"name" : "o_relay1_3",
					"strict" : false
				},
				{
					"name" : "o_ac_dc_1",
					"strict" : false
				},
				{
					"name" : "o_offset_2",
					"strict" : false
				},
				{
					"name" : "o_relay2_1",
					"strict" : false
				},
				{
					"name" : "o_relay2_2",
					"strict" : false
				},
				{
					"name" : "o_relay2_3",
					"strict" : false
				},
				{
					"name" : "o_ac_dc_2",
					"strict" : false
				},
				{
					"name" : "o_pwm_display",
					"strict" : false
				},
				{
					"name" : "io_mcu_data[0]",
					"strict" : false
				},
				{
					"name" : "io_mcu_data[1]",
					"strict" : false
				},
				{
					"name" : "io_mcu_data[2]",
					"strict" : false
				},
				{
					"name" : "io_mcu_data[3]",
					"strict" : false
				},
				{
					"name" : "io_mcu_data[4]",
					"strict" : false
				},
				{
					"name" : "io_mcu_data[5]",
					"strict" : false
				},
				{
					"name" : "io_mcu_data[6]",
					"strict" : false
				},
				{
					"name" : "io_mcu_data[7]",
					"strict" : false
				},
				{
					"name" : "o_1khz_calib",
					"strict" : false
				},
				{
					"name" : "i_mcu_clk",
					"strict" : false
				},
				{
					"name" : "i_mcu_rws",
					"strict" : false
				},
				{
					"name" : "i_mcu_dcs",
					"strict" : false
				},
				{
					"name" : "i_adc1B_d[0]",
					"strict" : false
				},
				{
					"name" : "i_adc2A_d[0]",
					"strict" : false
				},
				{
					"name" : "i_adc1A_d[0]",
					"strict" : false
				},
				{
					"name" : "i_adc2B_d[0]",
					"strict" : false
				},
				{
					"name" : "i_adc1B_d[1]",
					"strict" : false
				},
				{
					"name" : "i_adc2A_d[1]",
					"strict" : false
				},
				{
					"name" : "i_adc1A_d[1]",
					"strict" : false
				},
				{
					"name" : "i_adc2B_d[1]",
					"strict" : false
				},
				{
					"name" : "i_adc1B_d[2]",
					"strict" : false
				},
				{
					"name" : "i_adc2A_d[2]",
					"strict" : false
				},
				{
					"name" : "i_adc1A_d[2]",
					"strict" : false
				},
				{
					"name" : "i_adc2B_d[2]",
					"strict" : false
				},
				{
					"name" : "i_adc1B_d[3]",
					"strict" : false
				},
				{
					"name" : "i_adc2A_d[3]",
					"strict" : false
				},
				{
					"name" : "i_adc1A_d[3]",
					"strict" : false
				},
				{
					"name" : "i_adc2B_d[3]",
					"strict" : false
				},
				{
					"name" : "i_adc1B_d[4]",
					"strict" : false
				},
				{
					"name" : "i_adc2A_d[4]",
					"strict" : false
				},
				{
					"name" : "i_adc1A_d[4]",
					"strict" : false
				},
				{
					"name" : "i_adc2B_d[4]",
					"strict" : false
				},
				{
					"name" : "i_adc1B_d[5]",
					"strict" : false
				},
				{
					"name" : "i_adc2A_d[5]",
					"strict" : false
				},
				{
					"name" : "i_adc1A_d[5]",
					"strict" : false
				},
				{
					"name" : "i_adc2B_d[5]",
					"strict" : false
				},
				{
					"name" : "i_adc1B_d[6]",
					"strict" : false
				},
				{
					"name" : "i_adc2A_d[6]",
					"strict" : false
				},
				{
					"name" : "i_adc1A_d[6]",
					"strict" : false
				},
				{
					"name" : "i_adc2B_d[6]",
					"strict" : false
				},
				{
					"name" : "i_adc1B_d[7]",
					"strict" : false
				},
				{
					"name" : "i_adc2A_d[7]",
					"strict" : false
				},
				{
					"name" : "i_adc1A_d[7]",
					"strict" : false
				},
				{
					"name" : "i_adc2B_d[7]",
					"strict" : false
				}
			]
		}
	]
}