<?xml version="1.0" encoding="UTF-8"?>
<project-private xmlns="http://www.netbeans.org/ns/project-private/1">
    <data xmlns="http://www.netbeans.org/ns/make-project-private/1">
        <activeConfTypeElem>1</activeConfTypeElem>
        <activeConfIndexElem>0</activeConfIndexElem>
    </data>
    <editor-bookmarks xmlns="http://www.netbeans.org/ns/editor-bookmarks/2" lastBookmarkId="0"/>
    <open-files xmlns="http://www.netbeans.org/ns/projectui-open-files/2">
        <group>
            <file>file:/home/peter/Data/NetbeansProjects/F1C100s/fnirsi_1014d_scope/todo.txt</file>
            <file>file:/home/peter/Data/NetbeansProjects/F1C100s/fnirsi_1014d_scope/fnirsi_1014d_scope.c</file>
        </group>
    </open-files>
</project-private>
