<?xml version="1.0" encoding="UTF-8"?>
<configurationDescriptor version="100">
  <logicalFolder name="root" displayName="root" projectFiles="true" kind="ROOT">
    <logicalFolder name="HeaderFiles"
                   displayName="Header Files"
                   projectFiles="true">
      <itemPath>arm32.h</itemPath>
      <itemPath>bl_display_lib.h</itemPath>
      <itemPath>bl_font_structs.h</itemPath>
      <itemPath>bl_variables.h</itemPath>
      <itemPath>ccu_control.h</itemPath>
      <itemPath>display_control.h</itemPath>
      <itemPath>fnirsi_1013d_startup_screen.h</itemPath>
      <itemPath>fss_fpga_control.h</itemPath>
      <itemPath>gpio_control.h</itemPath>
      <itemPath>interrupt.h</itemPath>
      <itemPath>sd_card_interface.h</itemPath>
      <itemPath>sin_cos_math.h</itemPath>
      <itemPath>spi_control.h</itemPath>
      <itemPath>timer.h</itemPath>
      <itemPath>touchpanel.h</itemPath>
      <itemPath>types.h</itemPath>
    </logicalFolder>
    <logicalFolder name="ResourceFiles"
                   displayName="Resource Files"
                   projectFiles="true">
    </logicalFolder>
    <logicalFolder name="SourceFiles"
                   displayName="Source Files"
                   projectFiles="true">
      <itemPath>bl_display_lib.c</itemPath>
      <itemPath>bl_variables.c</itemPath>
      <itemPath>ccu_control.c</itemPath>
      <itemPath>display_control.c</itemPath>
      <itemPath>fnirsi_1013d_startup_screen.c</itemPath>
      <itemPath>fss_fpga_control.c</itemPath>
      <itemPath>fss_icons.c</itemPath>
      <itemPath>interrupt.c</itemPath>
      <itemPath>memcmp.s</itemPath>
      <itemPath>memcpy.s</itemPath>
      <itemPath>memset.s</itemPath>
      <itemPath>sd_card_interface.c</itemPath>
      <itemPath>sin_cos_math.c</itemPath>
      <itemPath>spi_control.c</itemPath>
      <itemPath>start.s</itemPath>
      <itemPath>timer.c</itemPath>
      <itemPath>touchpanel.c</itemPath>
    </logicalFolder>
    <logicalFolder name="TestFiles"
                   displayName="Test Files"
                   projectFiles="false"
                   kind="TEST_LOGICAL_FOLDER">
    </logicalFolder>
    <logicalFolder name="ExternalFiles"
                   displayName="Important Files"
                   projectFiles="false"
                   kind="IMPORTANT_FILES_FOLDER">
      <itemPath>Makefile</itemPath>
      <itemPath>fnirsi_1013d.ld</itemPath>
      <itemPath>todo.txt</itemPath>
    </logicalFolder>
  </logicalFolder>
  <projectmakefile>Makefile</projectmakefile>
  <confs>
    <conf name="Debug" type="1">
      <toolsSet>
        <compilerSet>GNU_ARM|GNU</compilerSet>
        <dependencyChecking>true</dependencyChecking>
        <rebuildPropChanged>false</rebuildPropChanged>
      </toolsSet>
      <compileType>
        <cTool>
          <commandLine>-Wall -Wno-write-strings -Wno-char-subscripts -fno-stack-protector -DNO_STDLIB=1 -mcpu='arm926ej-s' -O3</commandLine>
          <useLinkerLibraries>false</useLinkerLibraries>
        </cTool>
        <ccTool>
          <useLinkerLibraries>false</useLinkerLibraries>
        </ccTool>
        <asmTool>
          <commandlineTool>arm-none-eabi-gcc</commandlineTool>
          <commandLine>-x assembler-with-cpp -c -O0 -mcpu='arm926ej-s' -mthumb -Wall -fmessage-length=0</commandLine>
        </asmTool>
        <linkerTool>
          <output>${CND_DISTDIR}/${CND_CONF}/${CND_PLATFORM}/fnirsi_1013d_startup_screen.elf</output>
          <commandlineTool>arm-none-eabi-gcc</commandlineTool>
          <commandLine>-T./fnirsi_1013d.ld -nostdlib -lgcc</commandLine>
        </linkerTool>
      </compileType>
      <item path="arm32.h" ex="false" tool="3" flavor2="0">
      </item>
      <item path="bl_display_lib.c" ex="false" tool="0" flavor2="0">
      </item>
      <item path="bl_display_lib.h" ex="false" tool="3" flavor2="0">
      </item>
      <item path="bl_font_structs.h" ex="false" tool="3" flavor2="0">
      </item>
      <item path="bl_variables.c" ex="false" tool="0" flavor2="0">
      </item>
      <item path="bl_variables.h" ex="false" tool="3" flavor2="0">
      </item>
      <item path="ccu_control.c" ex="false" tool="0" flavor2="0">
      </item>
      <item path="ccu_control.h" ex="false" tool="3" flavor2="0">
      </item>
      <item path="display_control.c" ex="false" tool="0" flavor2="0">
      </item>
      <item path="display_control.h" ex="false" tool="3" flavor2="0">
      </item>
      <item path="fnirsi_1013d_startup_screen.c" ex="false" tool="0" flavor2="0">
      </item>
      <item path="fnirsi_1013d_startup_screen.h" ex="false" tool="3" flavor2="0">
      </item>
      <item path="fss_fpga_control.c" ex="false" tool="0" flavor2="0">
      </item>
      <item path="fss_fpga_control.h" ex="false" tool="3" flavor2="0">
      </item>
      <item path="fss_icons.c" ex="false" tool="0" flavor2="0">
      </item>
      <item path="gpio_control.h" ex="false" tool="3" flavor2="0">
      </item>
      <item path="interrupt.c" ex="false" tool="0" flavor2="0">
      </item>
      <item path="interrupt.h" ex="false" tool="3" flavor2="0">
      </item>
      <item path="memcmp.s" ex="false" tool="4" flavor2="0">
      </item>
      <item path="memcpy.s" ex="false" tool="4" flavor2="0">
      </item>
      <item path="memset.s" ex="false" tool="4" flavor2="0">
      </item>
      <item path="sd_card_interface.c" ex="false" tool="0" flavor2="0">
      </item>
      <item path="sd_card_interface.h" ex="false" tool="3" flavor2="0">
      </item>
      <item path="sin_cos_math.c" ex="false" tool="0" flavor2="0">
      </item>
      <item path="sin_cos_math.h" ex="false" tool="3" flavor2="0">
      </item>
      <item path="spi_control.c" ex="false" tool="0" flavor2="0">
      </item>
      <item path="spi_control.h" ex="false" tool="3" flavor2="0">
      </item>
      <item path="start.s" ex="false" tool="4" flavor2="0">
      </item>
      <item path="timer.c" ex="false" tool="0" flavor2="0">
      </item>
      <item path="timer.h" ex="false" tool="3" flavor2="0">
      </item>
      <item path="touchpanel.c" ex="false" tool="0" flavor2="0">
      </item>
      <item path="touchpanel.h" ex="false" tool="3" flavor2="0">
      </item>
      <item path="types.h" ex="false" tool="3" flavor2="0">
      </item>
    </conf>
    <conf name="Release" type="1">
      <toolsSet>
        <compilerSet>GNU|GNU</compilerSet>
        <dependencyChecking>true</dependencyChecking>
        <rebuildPropChanged>false</rebuildPropChanged>
      </toolsSet>
      <compileType>
        <cTool>
          <developmentMode>5</developmentMode>
          <commandlineTool>arm-none-eabi-gcc</commandlineTool>
          <commandLine>-Wall -Wno-write-strings -Wno-char-subscripts -fno-stack-protector -DNO_STDLIB=1 -O3 -mcpu=cortex-m3 -mthumb</commandLine>
        </cTool>
        <ccTool>
          <developmentMode>5</developmentMode>
        </ccTool>
        <fortranCompilerTool>
          <developmentMode>5</developmentMode>
        </fortranCompilerTool>
        <asmTool>
          <developmentMode>5</developmentMode>
        </asmTool>
        <linkerTool>
          <commandlineTool>arm-none-eabi-gcc</commandlineTool>
          <commandLine>-T./stm32f103-64k.ld -nostdlib</commandLine>
        </linkerTool>
      </compileType>
      <item path="arm32.h" ex="false" tool="3" flavor2="0">
      </item>
      <item path="bl_display_lib.c" ex="false" tool="0" flavor2="0">
      </item>
      <item path="bl_display_lib.h" ex="false" tool="3" flavor2="0">
      </item>
      <item path="bl_font_structs.h" ex="false" tool="3" flavor2="0">
      </item>
      <item path="bl_variables.c" ex="false" tool="0" flavor2="0">
      </item>
      <item path="bl_variables.h" ex="false" tool="3" flavor2="0">
      </item>
      <item path="ccu_control.c" ex="false" tool="0" flavor2="0">
      </item>
      <item path="ccu_control.h" ex="false" tool="3" flavor2="0">
      </item>
      <item path="display_control.c" ex="false" tool="0" flavor2="0">
      </item>
      <item path="display_control.h" ex="false" tool="3" flavor2="0">
      </item>
      <item path="fnirsi_1013d_startup_screen.c" ex="false" tool="0" flavor2="0">
      </item>
      <item path="fnirsi_1013d_startup_screen.h" ex="false" tool="3" flavor2="0">
      </item>
      <item path="fss_fpga_control.c" ex="false" tool="0" flavor2="0">
      </item>
      <item path="fss_fpga_control.h" ex="false" tool="3" flavor2="0">
      </item>
      <item path="fss_icons.c" ex="false" tool="0" flavor2="0">
      </item>
      <item path="gpio_control.h" ex="false" tool="3" flavor2="0">
      </item>
      <item path="interrupt.c" ex="false" tool="0" flavor2="0">
      </item>
      <item path="interrupt.h" ex="false" tool="3" flavor2="0">
      </item>
      <item path="memcmp.s" ex="false" tool="4" flavor2="0">
      </item>
      <item path="memcpy.s" ex="false" tool="4" flavor2="0">
      </item>
      <item path="memset.s" ex="false" tool="4" flavor2="0">
      </item>
      <item path="sd_card_interface.c" ex="false" tool="0" flavor2="0">
      </item>
      <item path="sd_card_interface.h" ex="false" tool="3" flavor2="0">
      </item>
      <item path="sin_cos_math.c" ex="false" tool="0" flavor2="0">
      </item>
      <item path="sin_cos_math.h" ex="false" tool="3" flavor2="0">
      </item>
      <item path="spi_control.c" ex="false" tool="0" flavor2="0">
      </item>
      <item path="spi_control.h" ex="false" tool="3" flavor2="0">
      </item>
      <item path="start.s" ex="false" tool="4" flavor2="0">
      </item>
      <item path="timer.c" ex="false" tool="0" flavor2="0">
      </item>
      <item path="timer.h" ex="false" tool="3" flavor2="0">
      </item>
      <item path="touchpanel.c" ex="false" tool="0" flavor2="0">
      </item>
      <item path="touchpanel.h" ex="false" tool="3" flavor2="0">
      </item>
      <item path="types.h" ex="false" tool="3" flavor2="0">
      </item>
    </conf>
  </confs>
</configurationDescriptor>
