<?xml version="1.0" encoding="UTF-8"?>
<configurationDescriptor version="100">
  <logicalFolder name="root" displayName="root" projectFiles="true" kind="ROOT">
    <logicalFolder name="HeaderFiles"
                   displayName="Header Files"
                   projectFiles="true">
      <itemPath>arm32.h</itemPath>
      <itemPath>ccu_control.h</itemPath>
      <itemPath>clock_synthesizer.h</itemPath>
      <itemPath>diskio.h</itemPath>
      <itemPath>display_control.h</itemPath>
      <itemPath>display_lib.h</itemPath>
      <itemPath>ff.h</itemPath>
      <itemPath>ffconf.h</itemPath>
      <itemPath>fnirsi_1014d_scope.h</itemPath>
      <itemPath>font_structs.h</itemPath>
      <itemPath>fpga_control.h</itemPath>
      <itemPath>gpio_control.h</itemPath>
      <itemPath>interrupt.h</itemPath>
      <itemPath>mass_storage_class.h</itemPath>
      <itemPath>scope_functions.h</itemPath>
      <itemPath>sd_card_interface.h</itemPath>
      <itemPath>sin_cos_math.h</itemPath>
      <itemPath>spi_control.h</itemPath>
      <itemPath>statemachine.h</itemPath>
      <itemPath>timer.h</itemPath>
      <itemPath>types.h</itemPath>
      <itemPath>uart.h</itemPath>
      <itemPath>usb_interface.h</itemPath>
      <itemPath>user_interface_functions.h</itemPath>
      <itemPath>variables.h</itemPath>
    </logicalFolder>
    <logicalFolder name="ResourceFiles"
                   displayName="Resource Files"
                   projectFiles="true">
    </logicalFolder>
    <logicalFolder name="SourceFiles"
                   displayName="Source Files"
                   projectFiles="true">
      <itemPath>1014D_fonts.c</itemPath>
      <itemPath>ccu_control.c</itemPath>
      <itemPath>clock_synthesizer.c</itemPath>
      <itemPath>diskio.c</itemPath>
      <itemPath>display_control.c</itemPath>
      <itemPath>display_lib.c</itemPath>
      <itemPath>ff.c</itemPath>
      <itemPath>ffunicode.c</itemPath>
      <itemPath>fnirsi_1014d_scope.c</itemPath>
      <itemPath>fpga_control.c</itemPath>
      <itemPath>icons.c</itemPath>
      <itemPath>interrupt.c</itemPath>
      <itemPath>mass_storage_class.c</itemPath>
      <itemPath>memcmp.s</itemPath>
      <itemPath>memcpy.s</itemPath>
      <itemPath>memmove.s</itemPath>
      <itemPath>memset.s</itemPath>
      <itemPath>scope_functions.c</itemPath>
      <itemPath>sd_card_interface.c</itemPath>
      <itemPath>sin_cos_math.c</itemPath>
      <itemPath>spi_control.c</itemPath>
      <itemPath>start.s</itemPath>
      <itemPath>statemachine.c</itemPath>
      <itemPath>timer.c</itemPath>
      <itemPath>uart.c</itemPath>
      <itemPath>usb_interface.c</itemPath>
      <itemPath>user_interface_functions.c</itemPath>
      <itemPath>variables.c</itemPath>
    </logicalFolder>
    <logicalFolder name="TestFiles"
                   displayName="Test Files"
                   projectFiles="false"
                   kind="TEST_LOGICAL_FOLDER">
    </logicalFolder>
    <logicalFolder name="ExternalFiles"
                   displayName="Important Files"
                   projectFiles="false"
                   kind="IMPORTANT_FILES_FOLDER">
      <itemPath>Makefile</itemPath>
      <itemPath>fnirsi_1014d.ld</itemPath>
      <itemPath>test_code</itemPath>
      <itemPath>todo.txt</itemPath>
    </logicalFolder>
  </logicalFolder>
  <projectmakefile>Makefile</projectmakefile>
  <confs>
    <conf name="Debug" type="1">
      <toolsSet>
        <compilerSet>GNU_ARM|GNU</compilerSet>
        <dependencyChecking>true</dependencyChecking>
        <rebuildPropChanged>false</rebuildPropChanged>
      </toolsSet>
      <compileType>
        <cTool>
          <commandLine>-Wall -Wno-write-strings -Wno-char-subscripts -fno-stack-protector -DNO_STDLIB=1 -mcpu='arm926ej-s' -O3 -mfloat-abi=soft</commandLine>
          <useLinkerLibraries>false</useLinkerLibraries>
        </cTool>
        <ccTool>
          <useLinkerLibraries>false</useLinkerLibraries>
        </ccTool>
        <asmTool>
          <commandlineTool>arm-none-eabi-gcc</commandlineTool>
          <commandLine>-x assembler-with-cpp -c -O0 -mcpu='arm926ej-s' -mthumb -Wall -fmessage-length=0</commandLine>
        </asmTool>
        <linkerTool>
          <output>${CND_DISTDIR}/${CND_CONF}/${CND_PLATFORM}/fnirsi_1014d_scope.elf</output>
          <commandlineTool>arm-none-eabi-gcc</commandlineTool>
          <commandLine>-T./fnirsi_1014d.ld -nostdlib -lgcc</commandLine>
        </linkerTool>
      </compileType>
      <item path="1014D_fonts.c" ex="false" tool="0" flavor2="0">
      </item>
      <item path="arm32.h" ex="false" tool="3" flavor2="0">
      </item>
      <item path="ccu_control.c" ex="false" tool="0" flavor2="0">
      </item>
      <item path="ccu_control.h" ex="false" tool="3" flavor2="0">
      </item>
      <item path="clock_synthesizer.c" ex="false" tool="0" flavor2="0">
      </item>
      <item path="clock_synthesizer.h" ex="false" tool="3" flavor2="0">
      </item>
      <item path="diskio.c" ex="false" tool="0" flavor2="0">
      </item>
      <item path="diskio.h" ex="false" tool="3" flavor2="0">
      </item>
      <item path="display_control.c" ex="false" tool="0" flavor2="0">
      </item>
      <item path="display_control.h" ex="false" tool="3" flavor2="0">
      </item>
      <item path="display_lib.c" ex="false" tool="0" flavor2="0">
      </item>
      <item path="display_lib.h" ex="false" tool="3" flavor2="0">
      </item>
      <item path="ff.c" ex="false" tool="0" flavor2="0">
      </item>
      <item path="ff.h" ex="false" tool="3" flavor2="0">
      </item>
      <item path="ffconf.h" ex="false" tool="3" flavor2="0">
      </item>
      <item path="ffunicode.c" ex="false" tool="0" flavor2="0">
      </item>
      <item path="fnirsi_1014d_scope.c" ex="false" tool="0" flavor2="0">
      </item>
      <item path="fnirsi_1014d_scope.h" ex="false" tool="3" flavor2="0">
      </item>
      <item path="font_structs.h" ex="false" tool="3" flavor2="0">
      </item>
      <item path="fpga_control.c" ex="false" tool="0" flavor2="0">
      </item>
      <item path="fpga_control.h" ex="false" tool="3" flavor2="0">
      </item>
      <item path="gpio_control.h" ex="false" tool="3" flavor2="0">
      </item>
      <item path="icons.c" ex="false" tool="0" flavor2="0">
      </item>
      <item path="interrupt.c" ex="false" tool="0" flavor2="0">
      </item>
      <item path="interrupt.h" ex="false" tool="3" flavor2="0">
      </item>
      <item path="mass_storage_class.c" ex="false" tool="0" flavor2="0">
      </item>
      <item path="mass_storage_class.h" ex="false" tool="3" flavor2="0">
      </item>
      <item path="memcmp.s" ex="false" tool="4" flavor2="0">
      </item>
      <item path="memcpy.s" ex="false" tool="4" flavor2="0">
      </item>
      <item path="memmove.s" ex="false" tool="4" flavor2="0">
      </item>
      <item path="memset.s" ex="false" tool="4" flavor2="0">
      </item>
      <item path="scope_functions.c" ex="false" tool="0" flavor2="0">
      </item>
      <item path="scope_functions.h" ex="false" tool="3" flavor2="0">
      </item>
      <item path="sd_card_interface.c" ex="false" tool="0" flavor2="0">
      </item>
      <item path="sd_card_interface.h" ex="false" tool="3" flavor2="0">
      </item>
      <item path="sin_cos_math.c" ex="false" tool="0" flavor2="0">
      </item>
      <item path="sin_cos_math.h" ex="false" tool="3" flavor2="0">
      </item>
      <item path="spi_control.c" ex="false" tool="0" flavor2="0">
      </item>
      <item path="spi_control.h" ex="false" tool="3" flavor2="0">
      </item>
      <item path="start.s" ex="false" tool="4" flavor2="0">
      </item>
      <item path="statemachine.c" ex="false" tool="0" flavor2="0">
      </item>
      <item path="statemachine.h" ex="false" tool="3" flavor2="0">
      </item>
      <item path="timer.c" ex="false" tool="0" flavor2="0">
      </item>
      <item path="timer.h" ex="false" tool="3" flavor2="0">
      </item>
      <item path="types.h" ex="false" tool="3" flavor2="0">
      </item>
      <item path="uart.c" ex="false" tool="0" flavor2="0">
      </item>
      <item path="uart.h" ex="false" tool="3" flavor2="0">
      </item>
      <item path="usb_interface.c" ex="false" tool="0" flavor2="0">
      </item>
      <item path="usb_interface.h" ex="false" tool="3" flavor2="0">
      </item>
      <item path="user_interface_functions.c" ex="false" tool="0" flavor2="0">
      </item>
      <item path="user_interface_functions.h" ex="false" tool="3" flavor2="0">
      </item>
      <item path="variables.c" ex="false" tool="0" flavor2="0">
      </item>
      <item path="variables.h" ex="false" tool="3" flavor2="0">
      </item>
    </conf>
    <conf name="Release" type="1">
      <toolsSet>
        <compilerSet>GNU|GNU</compilerSet>
        <dependencyChecking>true</dependencyChecking>
        <rebuildPropChanged>false</rebuildPropChanged>
      </toolsSet>
      <compileType>
        <cTool>
          <developmentMode>5</developmentMode>
          <commandlineTool>arm-none-eabi-gcc</commandlineTool>
          <commandLine>-Wall -Wno-write-strings -Wno-char-subscripts -fno-stack-protector -DNO_STDLIB=1 -mcpu='arm926ej-s' -O3 -mfloat-abi=soft</commandLine>
        </cTool>
        <ccTool>
          <developmentMode>5</developmentMode>
        </ccTool>
        <fortranCompilerTool>
          <developmentMode>5</developmentMode>
        </fortranCompilerTool>
        <asmTool>
          <developmentMode>5</developmentMode>
        </asmTool>
        <linkerTool>
          <commandlineTool>arm-none-eabi-gcc</commandlineTool>
          <commandLine>-T./fnirsi_1014d.ld -nostdlib -lgcc</commandLine>
        </linkerTool>
      </compileType>
      <item path="1014D_fonts.c" ex="false" tool="0" flavor2="0">
      </item>
      <item path="arm32.h" ex="false" tool="3" flavor2="0">
      </item>
      <item path="ccu_control.c" ex="false" tool="0" flavor2="0">
      </item>
      <item path="ccu_control.h" ex="false" tool="3" flavor2="0">
      </item>
      <item path="clock_synthesizer.c" ex="false" tool="0" flavor2="0">
      </item>
      <item path="clock_synthesizer.h" ex="false" tool="3" flavor2="0">
      </item>
      <item path="diskio.c" ex="false" tool="0" flavor2="0">
      </item>
      <item path="diskio.h" ex="false" tool="3" flavor2="0">
      </item>
      <item path="display_control.c" ex="false" tool="0" flavor2="0">
      </item>
      <item path="display_control.h" ex="false" tool="3" flavor2="0">
      </item>
      <item path="display_lib.c" ex="false" tool="0" flavor2="0">
      </item>
      <item path="display_lib.h" ex="false" tool="3" flavor2="0">
      </item>
      <item path="ff.c" ex="false" tool="0" flavor2="0">
      </item>
      <item path="ff.h" ex="false" tool="3" flavor2="0">
      </item>
      <item path="ffconf.h" ex="false" tool="3" flavor2="0">
      </item>
      <item path="ffunicode.c" ex="false" tool="0" flavor2="0">
      </item>
      <item path="fnirsi_1014d_scope.c" ex="false" tool="0" flavor2="0">
      </item>
      <item path="fnirsi_1014d_scope.h" ex="false" tool="3" flavor2="0">
      </item>
      <item path="font_structs.h" ex="false" tool="3" flavor2="0">
      </item>
      <item path="fpga_control.c" ex="false" tool="0" flavor2="0">
      </item>
      <item path="fpga_control.h" ex="false" tool="3" flavor2="0">
      </item>
      <item path="gpio_control.h" ex="false" tool="3" flavor2="0">
      </item>
      <item path="icons.c" ex="false" tool="0" flavor2="0">
      </item>
      <item path="interrupt.c" ex="false" tool="0" flavor2="0">
      </item>
      <item path="interrupt.h" ex="false" tool="3" flavor2="0">
      </item>
      <item path="mass_storage_class.c" ex="false" tool="0" flavor2="0">
      </item>
      <item path="mass_storage_class.h" ex="false" tool="3" flavor2="0">
      </item>
      <item path="memcmp.s" ex="false" tool="4" flavor2="0">
      </item>
      <item path="memcpy.s" ex="false" tool="4" flavor2="0">
      </item>
      <item path="memmove.s" ex="false" tool="4" flavor2="0">
      </item>
      <item path="memset.s" ex="false" tool="4" flavor2="0">
      </item>
      <item path="scope_functions.c" ex="false" tool="0" flavor2="0">
      </item>
      <item path="scope_functions.h" ex="false" tool="3" flavor2="0">
      </item>
      <item path="sd_card_interface.c" ex="false" tool="0" flavor2="0">
      </item>
      <item path="sd_card_interface.h" ex="false" tool="3" flavor2="0">
      </item>
      <item path="sin_cos_math.c" ex="false" tool="0" flavor2="0">
      </item>
      <item path="sin_cos_math.h" ex="false" tool="3" flavor2="0">
      </item>
      <item path="spi_control.c" ex="false" tool="0" flavor2="0">
      </item>
      <item path="spi_control.h" ex="false" tool="3" flavor2="0">
      </item>
      <item path="start.s" ex="false" tool="4" flavor2="0">
      </item>
      <item path="statemachine.c" ex="false" tool="0" flavor2="0">
      </item>
      <item path="statemachine.h" ex="false" tool="3" flavor2="0">
      </item>
      <item path="timer.c" ex="false" tool="0" flavor2="0">
      </item>
      <item path="timer.h" ex="false" tool="3" flavor2="0">
      </item>
      <item path="types.h" ex="false" tool="3" flavor2="0">
      </item>
      <item path="uart.c" ex="false" tool="0" flavor2="0">
      </item>
      <item path="uart.h" ex="false" tool="3" flavor2="0">
      </item>
      <item path="usb_interface.c" ex="false" tool="0" flavor2="0">
      </item>
      <item path="usb_interface.h" ex="false" tool="3" flavor2="0">
      </item>
      <item path="user_interface_functions.c" ex="false" tool="0" flavor2="0">
      </item>
      <item path="user_interface_functions.h" ex="false" tool="3" flavor2="0">
      </item>
      <item path="variables.c" ex="false" tool="0" flavor2="0">
      </item>
      <item path="variables.h" ex="false" tool="3" flavor2="0">
      </item>
    </conf>
  </confs>
</configurationDescriptor>
