<?xml version="1.0" encoding="UTF-8"?>
<project-private xmlns="http://www.netbeans.org/ns/project-private/1">
    <data xmlns="http://www.netbeans.org/ns/make-project-private/1">
        <activeConfTypeElem>1</activeConfTypeElem>
        <activeConfIndexElem>0</activeConfIndexElem>
    </data>
    <editor-bookmarks xmlns="http://www.netbeans.org/ns/editor-bookmarks/2" lastBookmarkId="0"/>
    <open-files xmlns="http://www.netbeans.org/ns/projectui-open-files/2">
        <group>
            <file>file:/home/dk/Desktop/Fnirsi_1013d/FNIRSI_1014D_Firmware-main/fnirsi_1014d_startup/bl_display_lib.c</file>
            <file>file:/home/dk/Desktop/Fnirsi_1013d/FNIRSI_1014D_Firmware-main/fnirsi_1014d_startup/bl_variables.h</file>
            <file>file:/home/dk/Desktop/Fnirsi_1013d/FNIRSI_1014D_Firmware-main/fnirsi_1014d_startup/display_control.c</file>
            <file>file:/home/dk/Desktop/Fnirsi_1013d/FNIRSI_1014D_Firmware-main/fnirsi_1014d_startup/fnirsi_1014d_startup.c</file>
            <file>file:/home/dk/Desktop/Fnirsi_1013d/FNIRSI_1014D_Firmware-main/fnirsi_1014d_startup/touchpanel.h</file>
            <file>file:/home/dk/Desktop/Fnirsi_1013d/FNIRSI_1014D_Firmware-main/fnirsi_1014d_startup/bl_variables.c</file>
            <file>file:/home/dk/Desktop/Fnirsi_1013d/FNIRSI_1014D_Firmware-main/fnirsi_1014d_startup/touchpanel.c</file>
            <file>file:/home/dk/Desktop/Fnirsi_1013d/FNIRSI_1014D_Firmware-main/fnirsi_1014d_startup/bl_display_lib.h</file>
        </group>
    </open-files>
</project-private>
