<?xml version="1.0" encoding="UTF-8"?>
<project-private xmlns="http://www.netbeans.org/ns/project-private/1">
    <data xmlns="http://www.netbeans.org/ns/make-project-private/1">
        <activeConfTypeElem>1</activeConfTypeElem>
        <activeConfIndexElem>0</activeConfIndexElem>
    </data>
    <editor-bookmarks xmlns="http://www.netbeans.org/ns/editor-bookmarks/2" lastBookmarkId="0"/>
    <open-files xmlns="http://www.netbeans.org/ns/projectui-open-files/2">
        <group>
            <file>file:/home/dk/Desktop/Fnirsi_1013d/FNIRSI_1013D_Firmware-main/fnirsi_1013d_scope/statemachine.c</file>
            <file>file:/home/dk/Desktop/Fnirsi_1013d/FNIRSI_1013D_Firmware-main/fnirsi_1013d_scope/scope_functions.c</file>
            <file>file:/home/dk/Desktop/Fnirsi_1013d/FNIRSI_1013D_Firmware-main/fnirsi_1013d_scope/touchpanel.h</file>
            <file>file:/home/dk/Desktop/Fnirsi_1013d/FNIRSI_1013D_Firmware-main/fnirsi_1013d_scope/variables.c</file>
            <file>file:/home/dk/Desktop/Fnirsi_1013d/FNIRSI_1013D_Firmware-main/fnirsi_1013d_scope/statemachine.h</file>
            <file>file:/home/dk/Desktop/Fnirsi_1013d/FNIRSI_1013D_Firmware-main/fnirsi_1013d_scope/fnirsi_1013d_scope.c</file>
            <file>file:/home/dk/Desktop/Fnirsi_1013d/FNIRSI_1013D_Firmware-main/fnirsi_1013d_scope/DS3231.c</file>
            <file>file:/home/dk/Desktop/Fnirsi_1013d/FNIRSI_1013D_Firmware-main/fnirsi_1013d_scope/variables.h</file>
            <file>file:/home/dk/Desktop/Fnirsi_1013d/FNIRSI_1013D_Firmware-main/fnirsi_1013d_scope/scope_functions.h</file>
            <file>file:/home/dk/Desktop/Fnirsi_1013d/FNIRSI_1013D_Firmware-main/fnirsi_1013d_scope/DS3231.h</file>
        </group>
    </open-files>
</project-private>
