<?xml version="1.0" encoding="UTF-8"?>
<project-private xmlns="http://www.netbeans.org/ns/project-private/1">
    <data xmlns="http://www.netbeans.org/ns/make-project-private/1">
        <activeConfTypeElem>1</activeConfTypeElem>
        <activeConfIndexElem>0</activeConfIndexElem>
    </data>
    <editor-bookmarks xmlns="http://www.netbeans.org/ns/editor-bookmarks/2" lastBookmarkId="0"/>
    <open-files xmlns="http://www.netbeans.org/ns/projectui-open-files/2">
        <group>
            <file>file:/home/dk/Desktop/Fnirsi_1013d/FNIRSI_1013D_Firmware-main/fnirsi_1013d_updater/test.c</file>
            <file>file:/home/dk/Desktop/Fnirsi_1013d/FNIRSI_1013D_Firmware-main/fnirsi_1013d_updater/statemachine.c</file>
            <file>file:/home/dk/Desktop/Fnirsi_1013d/FNIRSI_1013D_Firmware-main/fnirsi_1013d_updater/scope_functions.c</file>
            <file>file:/home/dk/Desktop/Fnirsi_1013d/FNIRSI_1013D_Firmware-main/fnirsi_1013d_updater/variables.h</file>
            <file>file:/home/dk/Desktop/Fnirsi_1013d/FNIRSI_1013D_Firmware-main/fnirsi_1013d_updater/menu.c</file>
            <file>file:/home/dk/Desktop/Fnirsi_1013d/FNIRSI_1013D_Firmware-main/fnirsi_1013d_updater/update.c</file>
            <file>file:/home/dk/Desktop/Fnirsi_1013d/FNIRSI_1013D_Firmware-main/fnirsi_1013d_updater/update.h</file>
            <file>file:/home/dk/Desktop/Fnirsi_1013d/FNIRSI_1013D_Firmware-main/fnirsi_1013d_updater/menu.h</file>
            <file>file:/home/dk/Desktop/Fnirsi_1013d/FNIRSI_1013D_Firmware-main/fnirsi_1013d_updater/fnirsi_1013d_updater.c</file>
            <file>file:/home/dk/Desktop/Fnirsi_1013d/FNIRSI_1013D_Firmware-main/fnirsi_1013d_updater/fnirsi_1013d_updater.h</file>
            <file>file:/home/dk/Desktop/Fnirsi_1013d/FNIRSI_1013D_Firmware-main/fnirsi_1013d_updater/variables.c</file>
            <file>file:/home/dk/Desktop/Fnirsi_1013d/FNIRSI_1013D_Firmware-main/fnirsi_1013d_updater/spi_control.c</file>
            <file>file:/home/dk/Desktop/Fnirsi_1013d/FNIRSI_1013D_Firmware-main/fnirsi_1013d_updater/spi_control.h</file>
            <file>file:/home/dk/Desktop/Fnirsi_1013d/FNIRSI_1013D_Firmware-main/fnirsi_1013d_updater/display_lib.h</file>
        </group>
    </open-files>
</project-private>
